chrom	pos	context	mut	type
chr1	55320	AAATAGTAGGATTTT	0	A->A
chr1	817309	GTGAACACAGACAGA	0	C->C
chr1	832665	TACGCCCATGTCCAT	0	A->A
chr1	842732	GGAGAGTCGGAGACC	1	C->T
chr1	843123	GGGCAGTCTAGGCAC	0	C->C
chr1	849717	CAAGGTGCCTTCTGC	0	C->C
chr1	871200	TACACTGATTTTTAG	0	A->A
chr1	872098	AATTTGAATGAGGAC	0	A->A
chr1	874955	ACACAAACACACCCA	1	C->T
chr1	894825	TCAGTTTCACCCCAG	0	C->C
chr1	898026	GAAACGAACCAGACC	0	A->A
chr1	899687	ATGTTTTAAAAATCT	0	A->A
chr1	899917	ATCCCATCCTGTTTC	0	C->C
chr1	901855	CAGCCCTCGAGTGTC	0	C->C
chr1	902953	GTTGCCCCTGTGCTA	0	C->C
chr1	903123	CTAAATCCTCATCTC	0	C->C
chr1	903428	CAGGGCCCCACCCTT	0	C->C
chr1	904077	ACATGCTCATCTCAC	0	C->C
chr1	905251	AACAGACATAAACCC	1	A->G
chr1	906367	TGTCTGCCCAGGTGT	0	C->C
chr1	906430	CCTCTGGCCTTGGTT	0	C->C
chr1	908393	CTCTTTTCCCTTTTT	0	C->C
chr1	910649	CCTCCCCACTGAGGC	0	A->A
chr1	911241	GCCCGCCCCAGAGGG	0	C->C
chr1	911929	GTATTTTATCCTCAT	0	A->A
chr1	913362	AGAGGCTCCCCGGGG	1	C->T
chr1	915679	GCAGAGACAGCCACC	1	C->T
chr1	916550	GCAGCAGCCTCCAGG	0	C->C
chr1	916723	CAGCGATAAGAAACT	0	A->A
chr1	917252	CCCTGCTCTCCTCGA	1	C->A
chr1	917667	ACCCTTCCTGCCTGG	0	C->C
chr1	918584	CCACTGACCACTCAT	0	C->C
chr1	918781	CTTAGGACAGATGCC	0	C->C
chr1	919951	ATTCCTTCTCTTTGC	1	C->T
chr1	920632	GACAGACCCTCCCAT	1	C->T
chr1	920694	ACAGGCACGCAGGGT	1	C->T
chr1	920949	TCCTCCCCACCCCAC	0	C->C
chr1	921618	GTGTGAGCGAGTGGA	0	C->C
chr1	922561	AAGGGTCACCGACAC	0	A->A
chr1	923090	CCCCCACCTCCCTGC	0	C->C
chr1	923130	CTGGGCCCCAGTCCC	0	C->C
chr1	923150	GTGCCTTCTGACAGG	0	C->C
chr1	928644	CTGAGACCCTGCCCT	0	C->C
chr1	929027	GGCTCTGCCACCTCC	0	C->C
chr1	930801	CTTCCTGATGCGTGT	0	A->A
chr1	932170	GAACTGTCATGAACA	1	C->G
chr1	933073	CCAGCTTCCCCACCT	0	C->C
chr1	935423	GGGCGCCCGGGAAGA	1	C->T
chr1	936930	AGACCTCCTCAGGTA	1	C->T
chr1	937245	GCCCTCCCGCTAAGC	0	C->C
chr1	939186	AGGGGACCCTCAGGG	0	C->C
chr1	943501	GTCCCTGCTGCGCAC	0	C->C
chr1	944727	CCTCCAGCTCGTCCT	1	C->A
chr1	944862	TGAGTAACCTCTAAG	0	C->C
chr1	944879	ACTAATTAATCACGG	0	A->A
chr1	945358	GGGAAGGCGCTGGCA	1	C->T
chr1	945470	GAGGGCTCTGCTGGA	1	C->T
chr1	945839	AGCAGGAAGGGCTCT	1	A->G
chr1	945858	CCAGGGGCCCGTGAG	0	C->C
chr1	949787	GGAGTGAACATGGCT	1	A->T
chr1	949791	AGGAAGCCATGTTCA	0	C->C
chr1	951322	CCTCCCCCACTCACC	1	C->A
chr1	952048	GGGCTGGAGGGCTTC	0	A->A
chr1	952708	TGGGCCTCGAGGAAG	1	C->T
chr1	952857	TGCCCGTCCCCAAGC	0	C->C
chr1	953474	CTTCTCACAAGGAGC	1	C->T
chr1	954261	AGAGGGTCCTCCTAA	0	C->C
chr1	954695	ATCCAGGCCTGGTGG	1	C->T
chr1	955671	CTGCACACGCCACAC	1	C->A
chr1	955676	CACGCCACACCTTCT	0	C->C
chr1	956461	AGGTGGCCATAGTCC	0	C->C
chr1	957027	TCTGTGCAGGAAGCC	0	A->A
chr1	957401	CCAAAAACGTACCTC	1	C->T
chr1	958864	GTTGCTGACCTCGCC	0	A->A
chr1	958881	TGTCCCACCCCGGTT	1	C->T
chr1	959283	CGCGCGGCATTCTGG	0	C->C
chr1	961969	GGGCGGCCTTGAGCA	1	C->T
chr1	962333	CCTCAGACCTGAGAT	0	C->C
chr1	962643	GTTGTCTCAGCCCTG	1	C->T
chr1	962947	CTCTTGCCCTGTGCC	1	C->T
chr1	963384	GTTAGTCACGGGGTC	0	A->A
chr1	963620	GCGAGGCCGTTTCAC	0	C->C
chr1	965021	GAGCTACCGTCGTTA	1	C->T
chr1	965654	GTGCACGCGTGTGCA	1	C->T
chr1	965709	GGAACCCCAGAAATG	0	C->C
chr1	965770	CCCAGACAGGACCCA	0	A->A
chr1	965784	CCCTCACCCTGGACC	0	C->C
chr1	966369	GCAGAGACCTGCACG	1	C->T
chr1	966459	GGGCAGGCGGGGCTC	1	C->T
chr1	968612	AGACACACGACGGGA	1	C->T
chr1	969931	GCCGTGACTGTTTTC	0	C->C
chr1	970663	TAGGAGGAGCTTCAG	0	A->A
chr1	970837	ACACGTGCTCCGCAG	0	C->C
chr1	971083	TCTCCGCAGGACCCC	0	A->A
chr1	971563	CATGTCACAGCGGAG	0	C->C
chr1	971692	ACACACACGCCTCAC	1	C->T
chr1	971963	TCGGTGCCCAGCTCT	0	C->C
chr1	972484	GCCCGGTCTGCTGCC	0	C->C
chr1	973114	GGGAGCCCCTTGCAG	1	C->T
chr1	973300	CCCTGTCACCCCACT	0	A->A
chr1	975080	GTGTCAACGTCTCCC	1	C->T
chr1	975698	CTCTCCCCTGCCTCT	0	C->C
chr1	975855	AAAATGACCTCCCCA	1	C->T
chr1	978661	AGGGCAACGGCGGCG	1	C->T
chr1	979558	GGGGCACCCGCACTG	0	C->C
chr1	979573	AGAGCAGCATCCGGG	0	C->C
chr1	980409	GGAGCAGCGGGGAGC	1	C->T
chr1	980578	GGGCTCACCAGGGGG	0	C->C
chr1	981357	TTTATAGCTTCACTG	0	C->C
chr1	983031	CGCGGCCCTCATGGC	0	C->C
chr1	985269	AAGGGGCCAAAGGAA	0	C->C
chr1	985587	TTGTGTACAAGTGTT	1	C->T
chr1	985705	TCTTTAAAAAGACAG	0	A->A
chr1	986511	TCATATGATAGGTAT	0	A->A
chr1	989266	CCGAATTCCAGAAAC	0	C->C
chr1	991339	AAAAATCAGCTGGGC	0	A->A
chr1	994815	CCCACAGCTCACTCT	1	C->T
chr1	995919	ATTTCAAAAGCCTGT	0	A->A
chr1	1000630	GTGTCGGATCAAACT	0	A->A
chr1	1000726	CCGGGGGAAGGTCGG	0	A->A
chr1	1000846	GCACGTTCTGCTCCT	0	C->C
chr1	1003028	CCAGCTGCTGCCCAG	0	C->C
chr1	1003324	CCCCACACTCAGAGC	0	C->C
chr1	1003765	AGACTGGAATAGTGG	0	A->A
chr1	1004702	TTTCTCTCTGCTGTA	0	C->C
chr1	1005512	TCCAGAACGCACATA	1	C->T
chr1	1006459	GGAGGAGCCTCACCC	0	C->C
chr1	1006649	ACCCCACAGGGGCAC	0	A->A
chr1	1008384	TATATCCACACCTGC	1	A->G
chr1	1009156	TCCAGGCCAAAAGCC	0	C->C
chr1	1011615	CGGCTTCCTGTGCTG	0	C->C
chr1	1013114	AAGAACTCCAAACTA	0	C->C
chr1	1013359	GTTTCTTCCGCTCAC	0	C->C
chr1	1014578	AGGCGGACGCTGGAG	1	C->T
chr1	1014727	TCAGTTTCGGGGTGG	1	C->A
chr1	1017598	CAGGCTGCCGGTGCT	0	C->C
chr1	1021242	TGCCAGGCCCCTGCA	1	C->T
chr1	1023113	GTGGGGGCGACAGGG	0	C->C
chr1	1023183	GAGGAAGCACTCTCC	1	C->T
chr1	1024142	AGCAGAGCTCCACAT	0	C->C
chr1	1024502	GGGCAGCCCCTAGTC	0	C->C
chr1	1025385	CCACGGCACCGGGGA	0	A->A
chr1	1025460	AACTCCTAGACTGCC	0	A->A
chr1	1025897	CTTCCCACCAGGAGC	0	C->C
chr1	1026070	GGAGATGACCTCTTT	0	A->A
chr1	1027029	AAGGGGCCTCTCCCC	1	C->T
chr1	1027841	GTTTGGCAGCCACCT	0	A->A
chr1	1031711	GTGTTTGAGGCCCCC	0	A->A
chr1	1031807	CCCATGGCTGAAGGT	0	C->C
chr1	1032113	TCTCCTCAGGGGAGC	0	A->A
chr1	1032181	GATGGGACGTGGCTT	1	C->T
chr1	1032649	GTGTGGCAGATGGCT	0	A->A
chr1	1032698	AAGCGCCCTGGCGCC	0	C->C
chr1	1032727	AAGCCCCAGCTCCAG	0	A->A
chr1	1034637	GCCCTGCAACGCCTG	0	A->A
chr1	1034701	CTCAACAACTGTAGG	0	A->A
chr1	1034797	TGCCGGGAGCCCCGC	0	A->A
chr1	1034863	AGAGCCCAAGGACGG	0	A->A
chr1	1036242	TCCAGGTCTTGGGAG	0	C->C
chr1	1036542	CACTTGGCTACTCAA	1	C->T
chr1	1037601	TCCCCGGCCACTCGG	1	C->A
chr1	1038413	CCATCCCAGAGCTTG	1	A->T
chr1	1038423	GCTTGCTCTCCATGC	0	C->C
chr1	1041548	GGAGCATCTCAGGGC	0	C->C
chr1	1042769	CACCCCCCCTGCCGC	1	C->A
chr1	1043991	CTCCTCGATCTGTGT	0	A->A
chr1	1044003	CCCTGCCCGGGCCTC	1	C->T
chr1	1044619	GGACACACACGCCCA	0	C->C
chr1	1044946	ACACAACACACAGAG	0	A->A
chr1	1045404	ACCTGTGACCCAGCC	0	A->A
chr1	1045825	TGCCCACACTTGGGT	1	A->G
chr1	1047416	AACAGTTCTGACTTG	0	C->C
chr1	1047617	GGACACTCCGAAAAT	0	C->C
chr1	1047666	ACATCCACAATGGCG	0	C->C
chr1	1049538	CCTGAGCCCTGACCC	0	C->C
chr1	1050941	AAGAGAACAGGACAG	1	C->A
chr1	1052113	TTTCCATCCCTTGTG	0	C->C
chr1	1053132	CACCCTACGCCTACC	1	C->T
chr1	1053835	TCCGTGGCCTTGCCA	0	C->C
chr1	1055297	CTGACGGAGCGAGGG	0	A->A
chr1	1055435	CCTGCCTCGGCCTCC	1	C->T
chr1	1056941	AGCTACCCCAGGGGT	0	C->C
chr1	1057953	ACCTGCCACCACGCC	0	A->A
chr1	1060383	TCTGGGCACCTTTTG	1	A->C
chr1	1060643	TGTGCAGACACAGAA	0	A->A
chr1	1062371	GCTGCAGACTAGGAA	0	A->A
chr1	1062502	CATCCCCCGAGCTTC	0	C->C
chr1	1063076	CCCACTCCAGGTGGT	0	C->C
chr1	1064344	GGTGGGACGAGGCGC	1	C->T
chr1	1064719	GGGAAGGAAAACCTA	0	A->A
chr1	1065467	CAAGGTGCATCCTGA	0	C->C
chr1	1067365	CGCGGCTCGCGGCTC	1	C->T
chr1	1068202	ACCTCTCCAACTGCA	0	C->C
chr1	1070131	GCTTTCACAGCCTTC	0	C->C
chr1	1070440	CCTGCCGATACCTCA	0	A->A
chr1	1070688	CAGCCCCCGGGCTCT	1	C->T
chr1	1072718	CGGTGCCCCTGGAGG	0	C->C
chr1	1072743	CCACGTGCAATCCTG	1	C->T
chr1	1073934	TCCTTGGCACGAGGC	0	C->C
chr1	1074122	CTCTTCTCCGGGCCC	0	C->C
chr1	1074940	GCTCTCACACACGTG	0	C->C
chr1	1075101	GGAGCAGCCAGTGGC	0	C->C
chr1	1075328	ACCCCCCCAGGCTGG	0	C->C
chr1	1081765	TTTGCTCCCCGACCT	0	C->C
chr1	1082125	TGCCTCACTGCACCT	0	C->C
chr1	1082168	CTGCCCACGTGGGGC	0	C->C
chr1	1082547	TGCCGCTCTGCCTAG	1	C->T
chr1	1083910	ATGGGTCCTAACCGG	0	C->C
chr1	1083988	ACGCAGCCGGCCTCC	1	C->T
chr1	1083994	GGACAGACGCAGCCG	1	C->T
chr1	1085246	CCAAGTGCTCACCTT	0	C->C
chr1	1085863	CCGGACCAGCACCTG	0	A->A
chr1	1086053	ACGGTGGCCCTGGCT	0	C->C
chr1	1087518	ACAACGGCTCCGAGT	0	C->C
chr1	1090720	TCGGTGGCGCTGCCA	1	C->T
chr1	1091593	CGGAGCCAAAGAGAT	0	A->A
chr1	1092202	GTGTGGACAGAGGGC	0	C->C
chr1	1092875	GCAACACAGCCCGTC	0	A->A
chr1	1093177	CTTTTGTCCCTTTAA	0	C->C
chr1	1095667	CTTTTTTCTTACCTT	0	C->C
chr1	1096353	TTTTTGTACACAGGG	0	A->A
chr1	1097927	AGCAGAGACCTAAGA	0	A->A
chr1	1100605	CGGTAGACCTGAAAT	0	C->C
chr1	1101072	TGATAAAATTTGTCA	0	A->A
chr1	1101559	CGATAGACCATGAGC	0	C->C
chr1	1103496	TAATTTCATTAGATT	0	A->A
chr1	1105057	TCTTTTCCTCATATT	0	C->C
chr1	1106645	GCCCTCACTCACTCT	0	C->C
chr1	1109718	CTCTCTCCTGTCTTA	0	C->C
chr1	1109776	CACCTCTCAGTGAAC	0	C->C
chr1	1110115	TATAATCAGGACCTA	0	A->A
chr1	1110759	GGGCGCCCTCAGAGA	0	C->C
chr1	1110783	GGATGCGCTGTTGCG	0	C->C
chr1	1110960	ATTGCCTCGCAGGCT	1	C->T
chr1	1111064	TTACATGCAGTGAAA	0	C->C
chr1	1113429	TGTTTCACAAAGAAA	0	C->C
chr1	1114794	GGAAACCCTCGCAGA	0	C->C
chr1	1115040	GCTGCGTCTTCCTCT	0	C->C
chr1	1117845	TCCTCCACCTCAGCC	0	C->C
chr1	1118321	CTGCAGCCCGGGCCC	0	C->C
chr1	1119136	CGGCATTCATAATGC	1	C->T
chr1	1120313	GGCAAAACGGTGAAG	1	C->T
chr1	1120595	TATTTGTCCAAATAG	1	C->T
chr1	1121080	TCTGTTGCGTCACCT	1	C->G
chr1	1121916	GTGGGTGCTCCCTCC	0	C->C
chr1	1122805	GAGGCAGAGGGGCTG	0	A->A
chr1	1122890	ACTCAGACGCAGGCC	0	C->C
chr1	1123319	TACTCTTCCCCCATG	1	C->A
chr1	1123393	AGGACGCAGCGTTTA	0	A->A
chr1	1124036	GTGTGTGCAGGTGTG	0	C->C
chr1	1124438	CACGCCCAGAATTCA	0	A->A
chr1	1125374	AGACACACACCCTCC	1	C->T
chr1	1125909	GTCCGTGCTCCCCCG	0	C->C
chr1	1125981	TAAATATAAGAAAGT	0	A->A
chr1	1126272	CCCGGGGCGGCACCG	1	C->T
chr1	1127487	TCTGAAACGGCACCC	1	C->T
chr1	1128399	GGCTTGGCCACCGCT	0	C->C
chr1	1129404	CCTTGTCAACTGGAA	0	A->A
chr1	1129685	ACAGACACTGTTATG	0	C->C
chr1	1133329	CCCTGGTACATCCCT	1	A->G
chr1	1134973	TCCGTGTAGCCACCG	0	A->A
chr1	1135799	TGCCTGACCTCATGG	1	C->T
chr1	1135972	CCTTGCCCACGGGAG	0	C->C
chr1	1136356	AGCCCCCAGCCCAGC	0	A->A
chr1	1136476	ACAGGGCCTCCACCT	1	C->T
chr1	1137702	TTTGTGTCGGACCCC	1	C->T
chr1	1137905	AATGGCCAAGACCCC	0	A->A
chr1	1137960	ACCCCTTCCTCTGAG	0	C->C
chr1	1141745	CCACGGTCCCCGGTC	0	C->C
chr1	1142163	CGCAGGGCCCCAGCC	1	C->A
chr1	1143054	CCGGGAACTTCAGAG	0	C->C
chr1	1143317	GGGGCCTAGAGAGTG	0	A->A
chr1	1143759	CGCCCTCAGACACGG	0	A->A
chr1	1143913	GTCACCCCGAGGGAG	1	C->T
chr1	1144062	AATGCACCTTGTCTC	0	C->C
chr1	1144330	GAAAAGGCGGTGGCG	0	C->C
chr1	1145655	AGAGCCCAGGTGAGT	0	A->A
chr1	1147462	AAAAGTCCTCAAGGC	0	C->C
chr1	1148247	GGCTCTCCACCCCCA	0	C->C
chr1	1148372	CCATTCTCCACCGGG	0	C->C
chr1	1149320	GGGCACCCTGTGTGG	0	C->C
chr1	1149769	CCCACATCTGTGTCA	0	C->C
chr1	1150063	TGGAGGCCGAGGATC	0	C->C
chr1	1150801	GGCTGCCCCAGGGTC	0	C->C
chr1	1150999	AGAACCAAAGCAGCC	0	A->A
chr1	1154062	CTTAGCAAACGTTTA	0	A->A
chr1	1155324	CAAATATAAAACGTC	0	A->A
chr1	1155832	GCTGGTAAGAACTCA	0	A->A
chr1	1156498	GATTTGGCGCCCTAG	0	C->C
chr1	1157034	GCCACTGCAAGCTCA	0	C->C
chr1	1157881	GTCTTGACCGGGAGC	0	C->C
chr1	1158365	AGCCCCCAGCCCCCA	0	A->A
chr1	1158975	AGCAGCCATACCCAG	1	A->G
chr1	1159740	CCTGGGACGAGGAAG	1	C->T
chr1	1160657	CACGGGCATCCTCAG	0	A->A
chr1	1160678	AGCGACACCTGGGGT	1	C->A
chr1	1161629	TCTCCCCAGAAGACA	0	A->A
chr1	1161658	GGTCAGGACACACCC	1	A->G
chr1	1163156	ACACCCACCCGGGCC	0	C->C
chr1	1163960	AAACCTCACGAGAGA	0	A->A
chr1	1164350	AACCTTAATTTTGCC	1	A->G
chr1	1168629	TTTCCATCTGCAACC	0	C->C
chr1	1169115	GAGCTGCCTGCCCTG	0	C->C
chr1	1169348	CACAGTCACAGATAC	0	A->A
chr1	1169534	AGGTTCCCGGGGCCA	1	C->T
chr1	1169939	CAGACCGCACGGGTG	0	C->C
chr1	1170435	CCGGGGCCGGATGCA	1	C->T
chr1	1170982	CCCGGCCCGCGTGTC	1	C->T
chr1	1170999	CTTGGGCCGTGGGTG	0	C->C
chr1	1171325	TTTGTGGCGCACCGG	1	C->T
chr1	1171336	CCGTGTTCATCTTTG	1	C->T
chr1	1171980	CCCGCTCCGGAGCCG	1	C->T
chr1	1173264	GCGGGGAAAAACACC	0	A->A
chr1	1173494	GAGTGAGAACAGGGA	0	A->A
chr1	1174293	TCCCGGCCGGAGGCC	1	C->T
chr1	1179758	GGGAGGTCGCCCCTC	0	C->C
chr1	1182270	ACACTCCCTCCCGCC	1	C->G
chr1	1182867	TGCAGAGAGCGCGGC	0	A->A
chr1	1183052	CCGCCGCCGCACCTC	1	C->A
chr1	1184347	GCCCTGTAGCCCTCA	0	A->A
chr1	1185015	GAGCACACGGTGTGG	0	C->C
chr1	1185765	CTGCCGTCCCAGCCA	0	C->C
chr1	1186554	AATACCCAGGAATGG	0	A->A
chr1	1186644	AATAACAAGTGTTGG	0	A->A
chr1	1186657	ATAAAGAAAGGAAAA	0	A->A
chr1	1187264	CTAAAAGCTTTTGTG	1	C->G
chr1	1188964	ATACACTAGCAATGG	0	A->A
chr1	1189368	TGAGATGAGTGTGTC	0	A->A
chr1	1190406	ACTAAACCCAAGGCA	1	C->A
chr1	1192013	GTTAGGGCCATTGTG	0	C->C
chr1	1192342	GACTTTACACAAAAA	0	C->C
chr1	1193404	ACAAAAAAAGACAGA	0	A->A
chr1	1193801	TATTTTACTATATGT	1	C->T
chr1	1195669	CACAGTGAGACTGTC	0	A->A
chr1	1198200	GGCTGCCCCATCCTG	0	C->C
chr1	1198691	CCACCCCCTCACTCA	0	C->C
chr1	1199092	TGGGGACCACAGAGG	0	C->C
chr1	1199299	GAACAGGCCGCTGCT	0	C->C
chr1	1199343	CAGGCCCCTCCTGCT	0	C->C
chr1	1199393	GATTAACCAAGTCCT	1	C->G
chr1	1203400	TGCCCTCCGCTTTGC	0	C->C
chr1	1204140	CGGTCAGCCACCCAA	0	C->C
chr1	1204252	GAGGCCGCGTCCATG	1	C->T
chr1	1204636	CTGGGCCATGAAGAA	1	A->G
chr1	1204799	AGGACCCAGTAGAAC	0	A->A
chr1	1205385	TGTACCCCCTGGCCT	1	C->A
chr1	1205440	AATTCCACTGCGGAG	0	C->C
chr1	1206420	GTGAACCCGGCAGCA	1	C->T
chr1	1206868	CGCCCTCCAAGGGGC	0	C->C
chr1	1206875	TGACCCCCGCCCTCC	1	C->T
chr1	1206933	GACCTCTCGGGGACT	1	C->T
chr1	1208352	TCTGCGGCGAGAGGG	1	C->T
chr1	1208670	GGGCCACCTCCTCTT	1	C->T
chr1	1210883	GGGCCAGCTGCCCTT	1	C->T
chr1	1211972	ACAGGGACCCTCCAC	0	C->C
chr1	1212147	TCCTGTTCCCCAACA	1	C->G
chr1	1213095	CCTGCTCAGGAAGTG	0	A->A
chr1	1213637	CCACAGCCCCACCCA	0	C->C
chr1	1215060	CTGTTTGCATAGAAG	0	C->C
chr1	1215844	GGGCTTTCTTGGACC	0	C->C
chr1	1216383	ACCCGCCCTCTCGGC	0	C->C
chr1	1217028	CCAGGCCCGGGAAGG	1	C->T
chr1	1217777	GCAGCCAATAGGCAC	0	A->A
chr1	1218262	CAGACGGATCAGAGA	0	A->A
chr1	1218295	GGCCATGCAGCCTGG	0	C->C
chr1	1219147	CCTGATCCCCAAAGG	0	C->C
chr1	1219516	TCCTTCACGTGTGAC	1	C->T
chr1	1220538	GACCCCCCGACCTCT	1	C->T
chr1	1221097	ATTAAAAAAACTAAA	0	A->A
chr1	1221447	GTGGTCCCAGTCACT	0	C->C
chr1	1223042	ACGTGTGCTGTGTGT	0	C->C
chr1	1224083	CCAACAGCGACAGGC	1	C->G
chr1	1224209	GGACCCTCCCCCTCT	0	C->C
chr1	1224978	AAGTCCCCACACGGT	0	C->C
chr1	1225440	CACACCGCAGGCACG	0	C->C
chr1	1225702	ACAGACACAGGCCAC	0	C->C
chr1	1226075	GTTCTCTCAGGAGCC	1	C->G
chr1	1226530	GTCTCCTCTGGGCTG	0	C->C
chr1	1227008	CCCCCGAACCGTACC	0	A->A
chr1	1228404	TTCCTATCCTGGCTT	0	C->C
chr1	1229006	AGCACGTCTATCCTG	0	C->C
chr1	1229101	CCAGACCACACGTGG	0	A->A
chr1	1229821	CTGTCTTCGCAAAGC	0	C->C
chr1	1229971	GCCTTGGCGTTCGCT	1	C->T
chr1	1230165	GGCGGGGCCTCAGCG	1	C->A
chr1	1231289	AAGGAATCAACACAC	0	C->C
chr1	1231291	GGAATCAACACACCC	0	A->A
chr1	1235543	CTCTTGGCTTGACCT	0	C->C
chr1	1236971	AGGCCACCCCATCAA	0	C->C
chr1	1237487	GACTTTGCGGCATCT	1	C->T
chr1	1238161	CTGCCCACCCCGCCC	1	C->A
chr1	1238334	CTGACTGCTGTACAG	0	C->C
chr1	1241031	CTGGAAGCAAACAGG	0	C->C
chr1	1241396	GCCCCTGACGCCACT	0	A->A
chr1	1247089	TGCCTCCCGTCCCCA	0	C->C
chr1	1247467	ACCCTCCAGCCGCTG	0	A->A
chr1	1247514	AACATGCCGGCCCTG	1	C->T
chr1	1248143	CTCAGGCCTACACGC	0	C->C
chr1	1250689	AAGCCACATCCTTCC	0	A->A
chr1	1252633	ACTTAGCAGACGGGG	0	A->A
chr1	1252714	GGCCTGACTGATGTC	0	C->C
chr1	1252730	TGGATGGCTGCGGGT	0	C->C
chr1	1253525	TGGGTTCAAGAGATC	0	A->A
chr1	1253781	GTGGGTCCCCACAGG	0	C->C
chr1	1254105	CCCACCTCGACGCGA	1	C->T
chr1	1254998	CCACGGGCCGCTGGG	0	C->C
chr1	1255212	ACTCCTGCGCGATGC	0	C->C
chr1	1257040	TCTCCACCATGAAGC	1	C->G
chr1	1262169	CTACTCACTCGGTGG	0	C->C
chr1	1264123	ACGAGAAAGGGCTGG	0	A->A
chr1	1265137	CTGAGACAGAGCCCA	0	A->A
chr1	1267786	CTGGGCGAGCCTGGT	0	A->A
chr1	1268772	CTTGAGCCGAGGTGG	1	C->T
chr1	1270089	TCTCTAGCCTGCTGC	0	C->C
chr1	1270927	TCCTGACCGACACAC	0	C->C
chr1	1272298	AACAAAAAGGCACAG	0	A->A
chr1	1274597	TCCACCTCCTGATCC	0	C->C
chr1	1275518	CCACCCTCAGCATCT	0	C->C
chr1	1275597	TCCTGCCCCCACCTC	0	C->C
chr1	1275744	GCAAAACAAACTTTC	0	A->A
chr1	1280914	AAGGTGGCACCAAGG	1	C->T
chr1	1282284	ACGTCACCGGTGGCA	1	C->T
chr1	1283183	GGCTCGCCCTCCCTG	0	C->C
chr1	1284735	CAACCCACGGGATGC	0	C->C
chr1	1286132	CCAGGGACAGCAGCC	0	C->C
chr1	1286166	CTGGCAGCTGGGGCT	0	C->C
chr1	1287107	CTCTCCCAGTGCAAC	0	A->A
chr1	1287116	GCCCGTGCTGTTGCA	0	C->C
chr1	1287138	GCTTTTACCGAGGCT	1	C->A
chr1	1288141	AGAGGGCCTGGGAAC	0	C->C
chr1	1290349	TCAGCCCCCGCCGGC	1	C->T
chr1	1291039	ATGAGGGCGCTGGCC	0	C->C
chr1	1291859	GTGCCGACACGCGGT	0	C->C
chr1	1295159	TCTGGAGCCATGCTG	1	C->T
chr1	1295755	CGGCCACACAGGGCA	0	A->A
chr1	1296530	GGCCACACTCTGCAC	0	C->C
chr1	1297929	AGCATGCAGCTCCTG	0	A->A
chr1	1297968	CCTGCCCACCGGAGC	0	A->A
chr1	1298635	CACTGGGCGCGTCCA	1	C->T
chr1	1299499	TATCCCAAAATAGCC	0	A->A
chr1	1300051	TCATGCACGCCCAGT	1	C->T
chr1	1302412	GGCTGGGCCTGGGGA	0	C->C
chr1	1303207	TGAGCGGCGTCCGCG	1	C->T
chr1	1304578	ACAGTGCATGGGTGC	0	A->A
chr1	1306345	AGGGAGAAGGTGGGT	0	A->A
chr1	1307062	CTCACGCAGGTGCGC	1	A->G
chr1	1309717	GGAGGTGCTGGGCGG	0	C->C
chr1	1310988	ATCTTGGCTCTCCAG	1	C->G
chr1	1313696	CATCCACACCCGTCG	0	A->A
chr1	1313721	AGGCCCGCGGCAGGG	1	C->T
chr1	1313970	TGCCCTGCAGCATTC	1	C->A
chr1	1313979	GCCGAGTCCTGCCCT	0	C->C
chr1	1314114	TGTGCGGCTCTTGTA	0	C->C
chr1	1315365	GGGCCCCCCTGGAGC	1	C->T
chr1	1316037	GCCGCCAACATTCTG	0	A->A
chr1	1316628	AATGAATAAATTAAA	1	A->G
chr1	1318383	TCACCACACCTGGCA	0	A->A
chr1	1321061	CTGCATCCTGGTCTC	0	C->C
chr1	1322977	AGATGTCCAGAGAGT	0	C->C
chr1	1323205	GGAATCCCGTCCTGG	0	C->C
chr1	1326533	AAAAACAAGAAAGCA	0	A->A
chr1	1326559	CTGTCTGCAGCAGGT	1	C->T
chr1	1327432	CGTCCGGCAGCCAGA	0	C->C
chr1	1330739	TGCCCTCCCAGTCTG	0	C->C
chr1	1331150	CAGTGGCCTCAGGCA	0	C->C
chr1	1333215	GGCATGCCCACGGGA	0	C->C
chr1	1333290	CAGTGCCAGGAGGGC	0	A->A
chr1	1333530	ATCCTGGCCACAAAA	0	C->C
chr1	1333567	CACGCTGCTTCCGCC	0	C->C
chr1	1333931	TGGCTGCCTGCGGGG	0	C->C
chr1	1334559	CCTAGAGCGGGAGGG	1	C->T
chr1	1334642	CCTGTGACCATCTGG	0	C->C
chr1	1335421	AAGGCCGCGATGTGT	1	C->T
chr1	1336241	CCCCTGTCCGGGAGC	0	C->C
chr1	1336455	CGCCCGACGCTCCTT	0	C->C
chr1	1337664	CCCTCATCCCAATCC	0	C->C
chr1	1338879	TAGGATCCTGATGAA	0	C->C
chr1	1339528	TACCTAGCCTGAAGG	0	C->C
chr1	1339571	AGTGGCCCTCGGGGC	0	C->C
chr1	1340035	ACAGACACACCTGCA	1	C->T
chr1	1341106	GCACACACCTGCACA	0	C->C
chr1	1341682	GACGAGGATGGCAGC	0	A->A
chr1	1342305	CTGTTGGCCAGCAAC	0	C->C
chr1	1342570	AGGGCAGCTTGCTGG	0	C->C
chr1	1343720	CTACGTCCGTCCGTC	1	C->T
chr1	1343858	TCCGCATCCCCTGCT	0	C->C
chr1	1344516	GGGCCAGCCCAGGTG	0	C->C
chr1	1345711	CTGTGGCCTCTGGGA	0	C->C
chr1	1345834	GTGCCCTCAGAGCCC	0	C->C
chr1	1347221	CTGCAGCCCCACTGA	1	C->G
chr1	1347895	CAAGGGACATCTAGA	0	C->C
chr1	1348076	CTGAGCCCGCCCCCA	0	C->C
chr1	1348146	CTGCTTGAGGCCTGG	0	A->A
chr1	1351588	TCAAGCACTGGTGCC	0	C->C
chr1	1352792	CCAACTTCACTCCCT	0	C->C
chr1	1353096	CTGCCTGCCACCGAG	0	C->C
chr1	1353856	TTTGTCTAGGTCGAT	0	A->A
chr1	1353988	GGCTCCCAGTCCCGG	0	A->A
chr1	1354043	GGATGTCCTCACTCC	1	C->T
